telephone number, email address
016-5598837,est.mauris@lacinia.org
018-6683190,Duis.at@sempertellusid.co.uk
021-1627663,congue.turpis@consectetueradipiscing.com
021-4026953,placerat.velit.Quisque@ametante.edu
021-9458618,enim.Sed@Curabitursed.edu
028-0981784,elit.dictum@Nam.ca
028-5007629,congue@intempuseu.org
029-3139942,sed.dolor@Etiamlaoreetlibero.org
030-3265103,amet@quismassaMauris.net
030-8836240,Phasellus.fermentum@auctor.org
031-2543250,Vestibulum.ante@maurissapien.com
031-9829983,volutpat@cursusluctusipsum.net
033-1803235,est.mauris@lacinia.org
033-2721633,est.Nunc.laoreet@fermentumrisus.net
035-0260801,elit.Etiam@tinciduntnequevitae.edu
037-1318766,Fusce.mi@risusvarius.com
040-2804573,scelerisque.scelerisque@venenatis.ca
042-6408993,et.lacinia@nulla.com
044-0703710,penatibus.et@disparturient.net
044-5989883,Mauris.quis@maurissapien.com
045-1601558,est.Nunc.laoreet@fermentumrisus.net
050-9374691,Phasellus.fermentum@auctor.org
051-3732432,orci.sem@montes.edu
051-5884186,purus.sapien@in.ca
051-5928446,congue@intempuseu.org
054-4660189,est.Nunc.laoreet@fermentumrisus.net
055-2446719,congue.turpis@consectetueradipiscing.com
056-0640656,est.mauris@lacinia.org
057-6437666,penatibus.et@disparturient.net
06-10412095,fringilla.Donec@lobortisrisusIn.net
06-11159882,a.neque@nonummyacfeugiat.net
06-11782393,placerat.velit.Quisque@ametante.edu
06-12228814,nec@Loremipsumdolor.net
06-12857797,nascetur.ridiculus@pharetraut.org
06-14529955,Proin.vel@Donecsollicitudinadipiscing.co.uk
06-16600854,lorem.semper.auctor@anteipsum.ca
06-16713624,facilisi.Sed.neque@consequatlectussit.edu
06-16944538,quis@aliquamerosturpis.edu
06-17043301,et.lacinia@nulla.com
06-21445375,orci.sem@montes.edu
06-21932088,Cum.sociis@Donecest.com
06-22768252,Integer@ornare.com
06-23226902,elit.dictum@Nam.ca
06-24656307,auctor@Pellentesque.org
06-24867713,aliquam@molestiein.co.uk
06-26903480,odio.sagittis@tincidunt.edu
06-26928180,Duis.at@sempertellusid.co.uk
06-27079472,ac.mattis.velit@vitae.net
06-27411649,Nulla.semper@veliteusem.com
06-28234259,Nulla.facilisi.Sed@fermentumvelmauris.edu
06-29316505,elit.Etiam@tinciduntnequevitae.edu
06-29630071,Fusce@luctuslobortisClass.edu
06-29667946,malesuada.ut@Crasinterdum.net
06-30306867,purus.sapien@in.ca
06-30816706,Mauris.quis@maurissapien.com
06-31115953,mattis.ornare.lectus@et.ca
06-31226816,risus.odio@ac.ca
06-32114022,lorem@Craseu.org
06-33026113,luctus.et.ultrices@ultricesDuisvolutpat.ca
06-39738253,congue.turpis@consectetueradipiscing.com
06-41370826,elit.pharetra.ut@mollisPhaselluslibero.ca
06-41610528,nunc.ullamcorper@Nuncuterat.com
06-42170207,est.mauris.rhoncus@ultrices.co.uk
06-42373744,ultrices@egetlacus.com
06-43229679,enim.diam.vel@necenimNunc.ca
06-45119306,scelerisque.scelerisque@venenatis.ca
06-45322163,purus@eudui.co.uk
06-47126086,ante.Maecenas@luctus.com
06-49187064,metus.Aenean@posuereatvelit.ca
06-49908717,risus.Duis@Praesentinterdum.edu
06-50016538,semper@a.edu
06-50089823,aliquam@magnaUt.com
06-50925713,eget@liberoProin.ca
06-51686233,sodales.purus.in@facilisiSed.ca
06-53631858,blandit.viverra.Donec@auguemalesuada.com
06-54108419,arcu.vel.quam@sed.org
06-55565946,est.Nunc.laoreet@fermentumrisus.net
06-55658889,volutpat@cursusluctusipsum.net
06-55799837,lacus.Cras.interdum@cursuspurus.edu
06-56045798,sed.dolor@Etiamlaoreetlibero.org
06-58575028,Fusce@Nullamenim.org
06-60020810,In.tincidunt@orcilobortisaugue.edu
06-62090649,sit.amet@a.org
06-62149877,sit@Etiam.co.uk
06-63294565,convallis.est@dolornonummyac.net
06-63531109,magna.Nam@Donecluctus.co.uk
06-64036689,enim.nisl.elementum@velvulputateeu.com
06-64485162,sed.tortor@intempus.org
06-66165001,et.ultrices.posuere@sedorci.ca
06-70502163,penatibus.et@disparturient.net
06-71621251,vel.nisl@acmattis.co.uk
06-72406874,risus.Nulla@seddui.edu
06-73519340,gravida.sit.amet@loremipsumsodales.net
06-73739017,orci.Ut@Aeneangravidanunc.org
06-73805118,Curabitur.ut@pedeSuspendisse.edu
06-75799588,pharetra.sed.hendrerit@facilisis.ca
06-76281450,est.mauris@lacinia.org
06-76480602,dui.Cum.sociis@diamdictumsapien.ca
06-76908281,leo@amagnaLorem.ca
06-77740756,dui.lectus@sitamet.com
06-77923764,congue@intempuseu.org
06-78670054,ac@sagittis.net
06-78827033,Nunc.sed@nondui.edu
06-79067907,urna.Nullam.lobortis@tempor.com
06-79150341,nisl.Nulla.eu@egestasa.ca
06-79884279,pede.ultrices.a@mi.org
06-80092009,Phasellus.fermentum@auctor.org
06-80679593,enim.Sed@Curabitursed.edu
06-81438485,pede.Cum.sociis@lorem.net
06-82910438,dui.augue@loremvehiculaet.org
06-83388372,Class.aptent@estcongue.edu
06-84119929,elit@Nuncpulvinar.net
06-84236100,sagittis@mattis.net
06-84802966,amet.lorem@Nullam.edu
06-88686448,porta.elit.a@ipsum.net
06-89453785,eros.non@nunc.co.uk
06-91664222,Vestibulum.ante@maurissapien.com
06-92444131,imperdiet@velfaucibus.edu
06-94046632,tincidunt@eratVivamusnisi.net
06-94295645,dui.nec@luctusaliquetodio.net
06-94547424,amet.orci.Ut@tellusPhaselluselit.ca
06-94678951,vehicula.et.rutrum@nisisem.edu
06-94961205,Fusce.mi@risusvarius.com
06-95223487,amet@quismassaMauris.net
06-96100345,nec.diam@purusMaecenas.co.uk
06-96808803,eget.volutpat.ornare@Proinnisl.net
06-98646330,Nulla.interdum.Curabitur@ipsumsodales.com
06-99572832,Donec@egetipsum.edu
06-99755624,vitae.sodales@vulputatedui.com
066-4300026,tincidunt@eratVivamusnisi.net
070-6910470,congue@intempuseu.org
071-4381440,Fusce@Nullamenim.org
071-9729293,convallis.est@dolornonummyac.net
076-4879635,enim.diam.vel@necenimNunc.ca
079-7195339,imperdiet@velfaucibus.edu
079-9033386,gravida.sit.amet@loremipsumsodales.net
080-5397573,sodales.purus.in@facilisiSed.ca
081-7325321,eros.non@nunc.co.uk
085-1033279,vitae.sodales@vulputatedui.com
090-2070053,aliquam@magnaUt.com
093-0182097,nec@Loremipsumdolor.net
094-5113139,pede.Cum.sociis@lorem.net
094-8562717,lorem.semper.auctor@anteipsum.ca
095-4732203,semper@a.edu
095-5646646,risus.Nulla@seddui.edu
095-6437681,vel.nisl@acmattis.co.uk
096-9320767,Nulla.interdum.Curabitur@ipsumsodales.com
097-0710118,porta.elit.a@ipsum.net
097-2826381,lorem@Craseu.org
098-7119599,fringilla.Donec@lobortisrisusIn.net
